{
  "config": {
    "symbols": [
      "AAPL",
      "MSFT",
      "TSLA",
      "GOOGL",
      "AMZN"
    ],
    "period": "5y",
    "interval": "1d",
    "horizon": 1,
    "threshold_bps": 5.0,
    "n_splits": 5,
    "use_cache": true
  },
  "summary": {
    "logreg": {
      "accuracy_mean": 0.5093228655544652,
      "precision_mean": 0.5192254507421508,
      "recall_mean": 0.5233869950799404,
      "f1_mean": 0.519646295259738,
      "roc_auc_mean": 0.5068493616987831,
      "log_loss_mean": 0.7003264541251282,
      "accuracy_std": 0.021421864526931376,
      "precision_std": 0.013062849802538301,
      "recall_std": 0.06020402597764419,
      "f1_std": 0.02639087171530232,
      "roc_auc_std": 0.021128431036772054,
      "log_loss_std": 0.012206273002521348
    },
    "gbdt": {
      "accuracy_mean": 0.5207065750736016,
      "precision_mean": 0.5274238803096223,
      "recall_mean": 0.5781006211920355,
      "f1_mean": 0.5489448852563932,
      "roc_auc_mean": 0.5205920002114002,
      "log_loss_mean": 0.7125921890701064,
      "accuracy_std": 0.020801469927413236,
      "precision_std": 0.016568446829904642,
      "recall_std": 0.08429296167836738,
      "f1_std": 0.042830410488383604,
      "roc_auc_std": 0.018202934355132837,
      "log_loss_std": 0.023694010398472454
    },
    "rf": {
      "accuracy_mean": 0.5152109911678115,
      "precision_mean": 0.5241500605149751,
      "recall_mean": 0.543285314190682,
      "f1_mean": 0.5304919832014046,
      "roc_auc_mean": 0.5208284008418888,
      "log_loss_mean": 0.6948850521454237,
      "accuracy_std": 0.014899142738654536,
      "precision_std": 0.014807070664790745,
      "recall_std": 0.08330895264537455,
      "f1_std": 0.041674435849315176,
      "roc_auc_std": 0.010954080989209983,
      "log_loss_std": 0.004123682230679013
    },
    "mlp": {
      "accuracy_mean": 0.5144259077526987,
      "precision_mean": 0.5221938621000151,
      "recall_mean": 0.5992481762915188,
      "f1_mean": 0.5544286691948702,
      "roc_auc_mean": 0.521842681132626,
      "log_loss_mean": 0.7038331169427888,
      "accuracy_std": 0.016205722015139833,
      "precision_std": 0.024879776358469132,
      "recall_std": 0.09447138753774362,
      "f1_std": 0.036835107787775684,
      "roc_auc_std": 0.015340171272157942,
      "log_loss_std": 0.013373929553853008
    },
    "ada": {
      "accuracy_mean": 0.5038272816486752,
      "precision_mean": 0.4905667385412273,
      "recall_mean": 0.7738683127572016,
      "f1_mean": 0.552982046247416,
      "roc_auc_mean": 0.5011197423388168,
      "log_loss_mean": 0.7559517174536161,
      "accuracy_std": 0.0277707653084577,
      "precision_std": 0.0447708904750664,
      "recall_std": 0.4053095800068282,
      "f1_std": 0.24804238018396502,
      "roc_auc_std": 0.028113676703342243,
      "log_loss_std": 0.03385160429506934
    },
    "et": {
      "accuracy_mean": 0.5122669283611384,
      "precision_mean": 0.5224982895030337,
      "recall_mean": 0.5380221081525747,
      "f1_mean": 0.5249014647549718,
      "roc_auc_mean": 0.5203372600166218,
      "log_loss_mean": 0.6931480737462895,
      "accuracy_std": 0.007727191240443399,
      "precision_std": 0.019407382324735056,
      "recall_std": 0.1023758482679671,
      "f1_std": 0.051780657028661956,
      "roc_auc_std": 0.00985740930862798,
      "log_loss_std": 0.0011575291589937663
    },
    "xgb": {
      "accuracy_mean": 0.5187438665358195,
      "precision_mean": 0.5274410568194707,
      "recall_mean": 0.5681688457787137,
      "f1_mean": 0.5446781072611283,
      "roc_auc_mean": 0.5253832603880862,
      "log_loss_mean": 0.7101148598802258,
      "accuracy_std": 0.015587786229293228,
      "precision_std": 0.027412821601981625,
      "recall_std": 0.0632878517064407,
      "f1_std": 0.028762844704360923,
      "roc_auc_std": 0.011307932241891116,
      "log_loss_std": 0.021322175363019287
    },
    "lgbm": {
      "accuracy_mean": 0.5112855740922473,
      "precision_mean": 0.5212629645309252,
      "recall_mean": 0.5422390685189183,
      "f1_mean": 0.5292650216901326,
      "roc_auc_mean": 0.5227999326070532,
      "log_loss_mean": 0.7108341896572362,
      "accuracy_std": 0.013293638060985331,
      "precision_std": 0.01934218707556608,
      "recall_std": 0.06389178722486637,
      "f1_std": 0.023426501223526755,
      "roc_auc_std": 0.018881603292526642,
      "log_loss_std": 0.020274844128163768
    },
    "voting": {
      "accuracy_mean": 0.5134445534838076,
      "precision_mean": 0.5219999385530848,
      "recall_mean": 0.5613761840014095,
      "f1_mean": 0.5385822978795973,
      "roc_auc_mean": 0.5224105671301233,
      "log_loss_mean": 0.7093057042183795,
      "accuracy_std": 0.01754676800673875,
      "precision_std": 0.01988789741357375,
      "recall_std": 0.07175982347161607,
      "f1_std": 0.033886554023415415,
      "roc_auc_std": 0.017179243040341408,
      "log_loss_std": 0.020998666341662812
    }
  },
  "best_model": "xgb",
  "n_rows": 6115,
  "base_rate": 0.5102207686017989
}