{
  "config": {
    "symbols": [
      "AAPL",
      "MSFT",
      "TSLA",
      "GOOGL",
      "AMZN"
    ],
    "period": "5y",
    "interval": "1d",
    "horizon": 1,
    "threshold_bps": 5.0,
    "n_splits": 5,
    "use_cache": false
  },
  "summary": {
    "logreg": {
      "accuracy_mean": 0.5093228655544652,
      "precision_mean": 0.5192254507421508,
      "recall_mean": 0.5233869950799404,
      "f1_mean": 0.519646295259738,
      "roc_auc_mean": 0.5068493616987831,
      "log_loss_mean": 0.7003264541251282,
      "accuracy_std": 0.021421864526931376,
      "precision_std": 0.013062849802538301,
      "recall_std": 0.06020402597764419,
      "f1_std": 0.02639087171530232,
      "roc_auc_std": 0.021128431036772054,
      "log_loss_std": 0.012206273002521348
    },
    "gbdt": {
      "accuracy_mean": 0.5207065750736016,
      "precision_mean": 0.5274238803096223,
      "recall_mean": 0.5781006211920355,
      "f1_mean": 0.5489448852563932,
      "roc_auc_mean": 0.5205920002114002,
      "log_loss_mean": 0.7125921890701064,
      "accuracy_std": 0.020801469927413236,
      "precision_std": 0.016568446829904642,
      "recall_std": 0.08429296167836738,
      "f1_std": 0.042830410488383604,
      "roc_auc_std": 0.018202934355132837,
      "log_loss_std": 0.023694010398472454
    }
  },
  "best_model": "gbdt",
  "n_rows": 6115,
  "base_rate": 0.5102207686017989
}