{
  "config": {
    "symbols": [
      "AAPL",
      "MSFT",
      "TSLA",
      "GOOGL",
      "AMZN"
    ],
    "period": "10y",
    "interval": "1d",
    "horizon": 5,
    "threshold_bps": 25.0,
    "n_splits": 5,
    "use_cache": false
  },
  "summary": {
    "logreg": {
      "accuracy_mean": 0.49733913884857284,
      "precision_mean": 0.5349066936684984,
      "recall_mean": 0.48637989867076026,
      "f1_mean": 0.5036169442623091,
      "roc_auc_mean": 0.5024887796165028,
      "log_loss_mean": 0.7088609244685348,
      "accuracy_std": 0.021369194799572104,
      "precision_std": 0.049121620165055155,
      "recall_std": 0.08149506588511667,
      "f1_std": 0.046107576913474495,
      "roc_auc_std": 0.02076683041821053,
      "log_loss_std": 0.018826492859906892
    },
    "gbdt": {
      "accuracy_mean": 0.5155297532656024,
      "precision_mean": 0.5362484109983311,
      "recall_mean": 0.7246581790093253,
      "f1_mean": 0.6128381193256097,
      "roc_auc_mean": 0.5147193565421168,
      "log_loss_mean": 0.7179488998552024,
      "accuracy_std": 0.022134782561581023,
      "precision_std": 0.04820787883339877,
      "recall_std": 0.06776922898416742,
      "f1_std": 0.02004646201656266,
      "roc_auc_std": 0.015102166279860453,
      "log_loss_std": 0.023995001812733452
    }
  },
  "best_model": "gbdt",
  "n_rows": 12405,
  "base_rate": 0.539621120515921
}